scope,height_m,nmse,mean_error_norm,mean_error_encoded,mae_norm,rmse_norm,mae_encoded,rmse_encoded,psnr_db,ssim,eval_rx_count,strategy,round,sampled_rx_count,sampled_ratio,new_budget_rx_count,eval_scope
overall,,0.0009637234514571249,-0.01952309911461239,-4.97839027422616,0.01952309911461239,0.02013090816513518,4.97839027422616,5.133381582109471,33.92273264707519,0.976977233015187,3891,random,0,205,0.050048828125,0,unmeasured_rx
overall,,0.0008343573574481272,-0.018088825404972628,-4.61265047826802,0.018089491962979678,0.018731110442407186,4.612820450559818,4.776433162813833,34.54872950885972,0.9783557895124309,3809,random,1,287,0.070068359375,82,unmeasured_rx
overall,,0.000757527159654489,-0.017188245948850867,-4.383002716956971,0.017189491169363746,0.017847350260367472,4.383320248187755,4.551074316393706,34.968525061872796,0.9788824733759939,3727,random,2,369,0.090087890625,82,unmeasured_rx
overall,,0.0007548493373944931,-0.017165689573039405,-4.377250841125049,0.017166134457529326,0.017815231581927493,4.3773642866699785,4.542884053391511,34.98417055680152,0.9785939984748006,3645,random,3,451,0.110107421875,82,unmeasured_rx
overall,,0.0008064233576255587,-0.017764479181186357,-4.5299421912025215,0.017764479181186357,0.018414294879191835,4.5299421912025215,4.695645194193918,34.696898130196104,0.9779691366275799,3563,random,4,533,0.130126953125,82,unmeasured_rx
overall,,0.0008372252411405565,-0.01812844204854705,-4.622752722379498,0.018128570915124636,0.018762610253140913,4.622785583356782,4.784465614550933,34.53413485466431,0.9779190026885594,3481,random,5,615,0.150146484375,82,unmeasured_rx
overall,,0.0009637234514571249,-0.01952309911461239,-4.97839027422616,0.01952309911461239,0.02013090816513518,4.97839027422616,5.133381582109471,33.92273264707519,0.976977233015187,3891,uniform_grid,0,205,0.050048828125,0,unmeasured_rx
overall,,0.0009195990143295397,-0.01904843859110457,-4.857351840731665,0.01904929477607024,0.019666411578870797,4.8575701678979115,5.0149349526120535,34.12549752318489,0.9782452596527744,3809,uniform_grid,1,287,0.070068359375,82,unmeasured_rx
overall,,0.0008636593308391378,-0.01842136932564447,-4.6974491780393395,0.01842247281920216,0.01905932800437509,4.697730568896551,4.860128641115648,34.397848316489664,0.9785924696437681,3727,uniform_grid,2,369,0.090087890625,82,unmeasured_rx
overall,,0.0009060025528596601,-0.018890464665631372,-4.817068489736,0.018890464665631372,0.019521288251265947,4.817068489736,4.977928504072817,34.1898305141703,0.9781857487102303,3645,uniform_grid,3,451,0.110107421875,82,unmeasured_rx
overall,,0.0008092906553946567,-0.017807380523435393,-4.540882033476025,0.017807380523435393,0.018449935438272665,4.540882033476025,4.704733536759529,34.68010298451682,0.9792187385918975,3563,uniform_grid,4,533,0.130126953125,82,unmeasured_rx
overall,,0.0008357771801837763,-0.01807178883537483,-4.608306153020582,0.01807178883537483,0.01874901779196434,4.608306153020582,4.780999536950907,34.540429576008556,0.9777278325806944,3481,uniform_grid,5,615,0.150146484375,82,unmeasured_rx
overall,,0.0009637234514571249,-0.01952309911461239,-4.97839027422616,0.01952309911461239,0.02013090816513518,4.97839027422616,5.133381582109471,33.92273264707519,0.976977233015187,3891,weak_only,0,205,0.050048828125,0,unmeasured_rx
overall,,0.0010585575647293073,-0.020562904545815795,-5.243540659183028,0.020562904545815795,0.02110911231441161,5.243540659183028,5.38282364017496,33.510600587336704,0.9788097414024939,3809,weak_only,1,287,0.070068359375,82,unmeasured_rx
overall,,0.0010755035096492458,-0.02076965189824515,-5.296261234052513,0.02076965189824515,0.021287856709339373,5.296261234052513,5.42840346088154,33.43736123451541,0.9808001866625771,3727,weak_only,2,369,0.090087890625,82,unmeasured_rx
overall,,0.0011181036185063365,-0.021225386506408983,-5.41247355913429,0.021225386506408983,0.021711799163962563,5.41247355913429,5.536508786810454,33.26608373855249,0.9815245940492989,3645,weak_only,3,451,0.110107421875,82,unmeasured_rx
overall,,0.0010784684222055895,-0.020855651639868227,-5.318191168166398,0.020855651639868227,0.021330794902024705,5.318191168166398,5.4393527000163,33.41985920125008,0.9822896914653491,3563,weak_only,4,533,0.130126953125,82,unmeasured_rx
overall,,0.001067788194918776,-0.020749960538814272,-5.2912399373976395,0.020749960538814272,0.021230881324793515,5.2912399373976395,5.413874737822346,33.46063954527152,0.9827419557003682,3481,weak_only,5,615,0.150146484375,82,unmeasured_rx
overall,,0.0009637234514571249,-0.01952309911461239,-4.97839027422616,0.01952309911461239,0.02013090816513518,4.97839027422616,5.133381582109471,33.92273264707519,0.976977233015187,3891,building_only,0,205,0.050048828125,0,unmeasured_rx
overall,,0.0008502065991004164,-0.01822997796688846,-4.648644381556557,0.01823199601209705,0.018907625058424353,4.649158983084748,4.82144438989821,34.467260368414685,0.9763356557575544,3809,building_only,1,287,0.070068359375,82,unmeasured_rx
overall,,0.0008109370526139601,-0.017798655916546124,-4.538657258719262,0.017799760209736826,0.018465429427630634,4.5389388534828905,4.708684504045812,34.672811760929676,0.9776454495853409,3727,building_only,2,369,0.090087890625,82,unmeasured_rx
overall,,0.0008298204076273389,-0.018000147323058956,-4.590037567380033,0.01800017394483171,0.018678605618120625,4.590044355932086,4.7630444326207595,34.57311095072525,0.9771074801822222,3645,building_only,3,451,0.110107421875,82,unmeasured_rx
overall,,0.0007988537626040481,-0.017590673124392046,-4.485621646719972,0.01759102780799534,0.018326890806867443,4.4857120910388115,4.673357155751198,34.73822415406189,0.9749553566360032,3563,building_only,4,533,0.130126953125,82,unmeasured_rx
overall,,0.0008096196496027067,-0.017705954788951,-4.515018471182505,0.017705954788951,0.01844811245238163,4.515018471182505,4.704268675357316,34.68096125508556,0.9745358956013582,3481,building_only,5,615,0.150146484375,82,unmeasured_rx
overall,,0.0009637234514571249,-0.01952309911461239,-4.97839027422616,0.01952309911461239,0.02013090816513518,4.97839027422616,5.133381582109471,33.92273264707519,0.976977233015187,3891,proposed,0,205,0.050048828125,0,unmeasured_rx
overall,,0.000989634122629591,-0.019783713633571592,-5.044846976560756,0.019783713633571592,0.020402596207319268,5.044846976560756,5.202662032866414,33.80629131150961,0.9778462028638688,3809,proposed,1,287,0.070068359375,82,unmeasured_rx
overall,,0.0009193022071768,-0.019031149022599024,-4.852943000762751,0.019031149022599024,0.019665750381604823,4.852943000762751,5.01476634730923,34.12578955322827,0.9785476281256725,3727,proposed,2,369,0.090087890625,82,unmeasured_rx
overall,,0.0009214248078654361,-0.019096189124103435,-4.869528226646376,0.019096189124103435,0.019692565970234135,4.869528226646376,5.021604322409704,34.11395381933297,0.9797502369446482,3645,proposed,3,451,0.110107421875,82,unmeasured_rx
overall,,0.0009395139382995743,-0.019321338433815193,-4.926941300622874,0.019321338433815193,0.019890603433236117,4.926941300622874,5.07210387547521,34.02704082444005,0.9803718691540391,3563,proposed,4,533,0.130126953125,82,unmeasured_rx
overall,,0.0009275240980982936,-0.019178202682375668,-4.890441684005795,0.019178202682375668,0.01976994344029426,4.890441684005795,5.041335577275037,34.07989146309756,0.9799345262269237,3481,proposed,5,615,0.150146484375,82,unmeasured_rx
overall,,0.0009637234514571249,-0.01952309911461239,-4.97839027422616,0.01952309911461239,0.02013090816513518,4.97839027422616,5.133381582109471,33.92273264707519,0.976977233015187,3891,proposed_v2_a,0,205,0.050048828125,0,unmeasured_rx
overall,,0.0009416756098622116,-0.019277230261128916,-4.915693716587874,0.019277602629762962,0.019901487740904514,4.9157886705895555,5.074879373930651,34.02228913159041,0.9778879027269847,3809,proposed_v2_a,1,287,0.070068359375,82,unmeasured_rx
overall,,0.0008973841099704658,-0.018823774899814606,-4.800062599452724,0.018824120405246784,0.019429760379817033,4.80015070333793,4.954588896853343,34.23065110726829,0.9793992253605032,3727,proposed_v2_a,2,369,0.090087890625,82,unmeasured_rx
overall,,0.0009077627832193461,-0.018926036783043085,-4.826139379675987,0.018926131659901518,0.019543422749431705,4.826163573274887,4.983572801105085,34.179987470466074,0.9787653296089189,3645,proposed_v2_a,3,451,0.110107421875,82,unmeasured_rx
overall,,0.0008756038117185288,-0.018588787680290538,-4.740140858474088,0.018588865134544063,0.019196460151691557,4.740160609308736,4.895097338681347,34.33557696584744,0.9793961965203412,3563,proposed_v2_a,4,533,0.130126953125,82,unmeasured_rx
overall,,0.0008420542937908877,-0.01817929528972535,-4.635720298879964,0.018179491757319186,0.018825866476451743,4.635770398116392,4.800595951495194,34.50490051791665,0.978308516991442,3481,proposed_v2_a,5,615,0.150146484375,82,unmeasured_rx
overall,,0.0009637234514571249,-0.01952309911461239,-4.97839027422616,0.01952309911461239,0.02013090816513518,4.97839027422616,5.133381582109471,33.92273264707519,0.976977233015187,3891,proposed_v2_b,0,205,0.050048828125,0,unmeasured_rx
overall,,0.0009669560933326248,-0.019575878136675638,-4.991848924852287,0.019575923736028452,0.020166759684025967,4.991860552687255,5.142523719426622,33.907277538369286,0.9784775726314887,3809,proposed_v2_b,1,287,0.070068359375,82,unmeasured_rx
overall,,0.000881288296710622,-0.018649039365729026,-4.755505038260901,0.018650575140893442,0.019254202412142183,4.755896660927828,4.909821615096257,34.30948933846695,0.9795476480992046,3727,proposed_v2_b,2,369,0.090087890625,82,unmeasured_rx
overall,,0.0008607464079581213,-0.018393042941152314,-4.69022594999384,0.018393924141453456,0.01902948712018997,4.690450656070631,4.852519215648442,34.41145833186651,0.9784416767914544,3645,proposed_v2_b,3,451,0.110107421875,82,unmeasured_rx
overall,,0.0008708074705157916,-0.018513602401445395,-4.7209686123685755,0.01851518845712071,0.019141210294675498,4.721373056565781,4.881008625142252,34.360612106856294,0.9786333932279143,3563,proposed_v2_b,4,533,0.130126953125,82,unmeasured_rx
overall,,0.0008704054253193427,-0.018509597656405613,-4.719947402383431,0.018509704434505246,0.01913812804625362,4.719974630798838,4.880222651794673,34.362010880756145,0.9785914626202156,3481,proposed_v2_b,5,615,0.150146484375,82,unmeasured_rx
overall,,0.0009637234514571249,-0.01952309911461239,-4.97839027422616,0.01952309911461239,0.02013090816513518,4.97839027422616,5.133381582109471,33.92273264707519,0.976977233015187,3891,proposed_v2_c,0,205,0.050048828125,0,unmeasured_rx
overall,,0.0009186013228208421,-0.019061692088380766,-4.860731482537095,0.019061692088380766,0.01965558713024984,4.860731482537095,5.01217471821371,34.13027957758578,0.9789256382462102,3809,proposed_v2_c,1,287,0.070068359375,82,unmeasured_rx
overall,,0.0008268483131367276,-0.01802875647315846,-4.597332900655408,0.018029783809668007,0.01864924518422409,4.597594871465342,4.755557521977143,34.5867748255887,0.9794302136575941,3727,proposed_v2_c,2,369,0.090087890625,82,unmeasured_rx
overall,,0.0008258371214368053,-0.017994731656481373,-4.58865657240275,0.017995006802641315,0.01863844056929963,4.588726734673536,4.752802345171406,34.591808535433955,0.9789658411781422,3645,proposed_v2_c,3,451,0.110107421875,82,unmeasured_rx
overall,,0.0008341715112734411,-0.018072061932826358,-4.608375792870722,0.018072199309571487,0.01873332868437032,4.608410823940729,4.776998814514432,34.54770093854857,0.9779749116551302,3563,proposed_v2_c,4,533,0.130126953125,82,unmeasured_rx
overall,,0.0008494760754942025,-0.01825980657614774,-4.656250676917674,0.01825980657614774,0.01890501488059137,4.656250676917674,4.820778794550799,34.468459529153826,0.9781409786733992,3481,proposed_v2_c,5,615,0.150146484375,82,unmeasured_rx
overall,,0.0009637234514571249,-0.01952309911461239,-4.97839027422616,0.01952309911461239,0.02013090816513518,4.97839027422616,5.133381582109471,33.92273264707519,0.976977233015187,3891,proposed_v2_j,0,205,0.050048828125,0,unmeasured_rx
overall,,0.0008815882033442611,-0.01862344027629641,-4.748977270455585,0.018623492103700845,0.019252947951512205,4.748990486443716,4.909501727635613,34.31005526487222,0.9779083079933194,3809,proposed_v2_j,1,287,0.070068359375,82,unmeasured_rx
overall,,0.0007814056045053227,-0.01743674065556896,-4.446368867170085,0.01743756661250056,0.018125092347395694,4.446579486187643,4.621898548585902,34.83439544039488,0.977520937275896,3727,proposed_v2_j,2,369,0.090087890625,82,unmeasured_rx
overall,,0.000722077810943886,-0.01668813498422442,-4.255474420977228,0.01669267824811373,0.017422505389160837,4.256632953269001,4.442738874236014,35.1777878494258,0.9765428371076038,3645,proposed_v2_j,3,451,0.110107421875,82,unmeasured_rx
overall,,0.0007934202895999267,-0.017558109750247155,-4.477317986313024,0.01755823310827426,0.01826223611881196,4.4773494426099365,4.6568702102970505,34.76892092748757,0.976471186518223,3563,proposed_v2_j,4,533,0.130126953125,82,unmeasured_rx
overall,,0.0007500467544438543,-0.017018297440496814,-4.339665847326688,0.017020866929782736,0.01775529133420856,4.340321067094598,4.527599290223183,35.01344394536488,0.9759990166967044,3481,proposed_v2_j,5,615,0.150146484375,82,unmeasured_rx
